Uang_Saku,Saving,Kebutuhan_Utama,Lifestyle,Makan_Luar,Status_Keuangan
Rendah,Tinggi,Sedang,Rendah,Sedang,Aman
Sedang,Rendah,Sedang,Sedang,Sedang,Defisit
Sedang,Rendah,Sedang,Sedang,Sedang,Aman
Sedang,Rendah,Sedang,Rendah,Sedang,Aman
Sedang,Rendah,Sedang,Sedang,Tinggi,Defisit
Rendah,Sedang,Sedang,Rendah,Rendah,Defisit
Rendah,Tinggi,Sedang,Rendah,Rendah,Aman
Sedang,Sedang,Sedang,Tinggi,Sedang,Defisit
Sedang,Rendah,Sedang,Sedang,Rendah,Aman
Sedang,Sedang,Sedang,Rendah,Sedang,Aman
Rendah,Rendah,Rendah,Rendah,Rendah,Aman
Tinggi,Sedang,Tinggi,Sedang,Tinggi,Aman
Rendah,Rendah,Sedang,Rendah,Sedang,Defisit
Sedang,Rendah,Tinggi,Rendah,Tinggi,Aman
Rendah,Tinggi,Rendah,Sedang,Sedang,Aman
Rendah,Rendah,Sedang,Rendah,Sedang,Aman
Tinggi,Tinggi,Sedang,Tinggi,Rendah,Aman
Tinggi,Tinggi,Sedang,Sedang,Sedang,Aman
Sedang,Tinggi,Sedang,Rendah,Sedang,Aman
Sedang,Tinggi,Sedang,Tinggi,Rendah,Defisit
Rendah,Sedang,Rendah,Rendah,Sedang,Aman
Rendah,Sedang,Sedang,Sedang,Sedang,Defisit
Sedang,Rendah,Sedang,Rendah,Sedang,Aman
Rendah,Rendah,Sedang,Sedang,Sedang,Aman
Sedang,Rendah,Sedang,Sedang,Sedang,Aman