Uang_Saku,Saving,Kebutuhan_Utama,Lifestyle,Makan_Luar,Status_Keuangan
< 1.5 Juta,> 20%,Wajar,Hemat,Sedang,Aman
1.5 - 2.5 Juta,< 10%,Wajar,Sedang,Sedang,Berisiko Defisit
1.5 - 2.5 Juta,< 10%,Wajar,Sedang,Sedang,Aman
1.5 - 2.5 Juta,< 10%,Wajar,Hemat,Sedang,Aman
1.5 - 2.5 Juta,< 10%,Wajar,Sedang,Sering,Berisiko Defisit
< 1.5 Juta,10% - 20%,Wajar,Hemat,Jarang,Berisiko Defisit
< 1.5 Juta,> 20%,Wajar,Hemat,Jarang,Aman
1.5 - 2.5 Juta,10% - 20%,Wajar,Tinggi,Sedang,Berisiko Defisit
1.5 - 2.5 Juta,< 10%,Wajar,Sedang,Jarang,Aman
1.5 - 2.5 Juta,10% - 20%,Wajar,Hemat,Sedang,Aman
< 1.5 Juta,< 10%,Hemat,Hemat,Jarang,Aman
> 2.5 Juta,10% - 20%,Tinggi,Sedang,Sering,Aman
< 1.5 Juta,< 10%,Wajar,Hemat,Sedang,Berisiko Defisit
1.5 - 2.5 Juta,< 10%,Tinggi,Hemat,Sering,Aman
< 1.5 Juta,> 20%,Hemat,Sedang,Sedang,Aman
< 1.5 Juta,< 10%,Wajar,Hemat,Sedang,Aman
> 2.5 Juta,> 20%,Wajar,Tinggi,Jarang,Aman
> 2.5 Juta,> 20%,Wajar,Sedang,Sedang,Aman
1.5 - 2.5 Juta,> 20%,Wajar,Hemat,Sedang,Aman
1.5 - 2.5 Juta,> 20%,Wajar,Tinggi,Jarang,Berisiko Defisit
< 1.5 Juta,10% - 20%,Hemat,Hemat,Sedang,Aman
< 1.5 Juta,10% - 20%,Wajar,Sedang,Sedang,Berisiko Defisit